,Nom,Type,Identificateur WIGOS,Latitude,Longitude,Elevation,Detail url
0,Arbinda,Land (fixed),0-854-0-103|primary,"14,2283","-0,8626",334,https://www.meteoburkina.bf/stations/1
1,Arbole,Land (fixed),0-854-0-104|primary,"12,8449","-2,0334",345,https://www.meteoburkina.bf/stations/2
2,BOBO-DIOULASSO,Land (fixed),0-20000-0-65510|primary,"11,1666666667","-4,3",432,https://www.meteoburkina.bf/stations/3
3,BOBO-DIOULASSO,Land (fixed),0-854-20000-65510|primary,"11,17","-4,3",432,https://www.meteoburkina.bf/stations/4
4,BOGANDE,Land (fixed),0-20000-0-65504|primary,"12,98","-0,13",250,https://www.meteoburkina.bf/stations/5
5,BOGANDE,Land (fixed),0-854-20000-65504|primary,"12,98","-0,16",294,https://www.meteoburkina.bf/stations/6
6,BOROMO,Land (fixed),0-20000-0-65516|primary,"11,7333333333","-2,9166666667",264,https://www.meteoburkina.bf/stations/7
7,BOROMO,Land (fixed),0-854-20000-65516|primary,"11,73","-2,92",270,https://www.meteoburkina.bf/stations/8
8,Bagassi,Land (fixed),0-854-0-105|primary,"11,7481","-3,3044",307,https://www.meteoburkina.bf/stations/9
9,Bagawa,Land (fixed),0-854-0-001|primary,"14,3339","-0,4407",293,https://www.meteoburkina.bf/stations/10
10,Bagré,Land (fixed),0-854-0-002|primary,"11,5069","-0,526",268,https://www.meteoburkina.bf/stations/11
11,Baguéra,Land (fixed),0-854-0-106|primary,"10,549","-5,3986",318,https://www.meteoburkina.bf/stations/12
12,Bam (Tourcoing),Land (fixed),0-854-0-003|primary,"13,33","-1,5",264,https://www.meteoburkina.bf/stations/13
13,Bama,Land (fixed),0-854-0-004|primary,"11,38","-4,39",273,https://www.meteoburkina.bf/stations/14
14,Banfora,Land (fixed),0-854-0-005|primary,"10,636","-4,761",305,https://www.meteoburkina.bf/stations/15
15,Bani,Land (fixed),0-854-0-006|primary,"13,7219","-0,1699",304,https://www.meteoburkina.bf/stations/16
16,Bantogdo,Land (fixed),0-854-0-108|primary,"12,4375","-1,9452",314,https://www.meteoburkina.bf/stations/17
17,Baraboulé,Land (fixed),0-854-0-109|primary,"14,2058","-1,8505",307,https://www.meteoburkina.bf/stations/18
18,Barsalogho,Land (fixed),0-854-0-007|primary,"13,4181","-1,0555",320,https://www.meteoburkina.bf/stations/19
19,Barsalogho,Land (fixed),0-854-0-110|primary,"13,42","-1,07",330,https://www.meteoburkina.bf/stations/20
20,Bartiébougou,Land (fixed),0-854-0-111|primary,"12,8742","0,7899",259,https://www.meteoburkina.bf/stations/21
21,Basnere,Land (fixed),0-854-0-112|primary,"13,2511","-1,2576",343,https://www.meteoburkina.bf/stations/22
22,Batié,Land (fixed),0-854-0-008|primary,"9,88","-2,92",298,https://www.meteoburkina.bf/stations/23
23,Bieha,Land (fixed),0-854-0-115|primary,"11,2543","-1,8189",307,https://www.meteoburkina.bf/stations/24
24,Bilanga,Land (fixed),0-854-0-116|primary,"12,5437","0,0323",281,https://www.meteoburkina.bf/stations/25
25,Bingo,Land (fixed),0-854-0-117|primary,"12,2987","-1,8304",332,https://www.meteoburkina.bf/stations/26
26,Bissiga,Land (fixed),0-854-0-118|primary,"12,8649","0,054",288,https://www.meteoburkina.bf/stations/27
27,Bitou,Land (fixed),0-854-0-012|primary,"11,2592","-0,3035",236,https://www.meteoburkina.bf/stations/28
28,Boala,Land (fixed),0-854-0-119|primary,"12,8706","-0,7034",253,https://www.meteoburkina.bf/stations/29
29,Bomboroky,Land (fixed),0-854-0-120|primary,"12,9959","-3,9487",285,https://www.meteoburkina.bf/stations/30
30,Bondokuy,Land (fixed),0-854-0-121|primary,"11,8684","-3,7503",349,https://www.meteoburkina.bf/stations/31
31,Botou,Land (fixed),0-854-0-122|primary,"12,67","2,05",214,https://www.meteoburkina.bf/stations/32
32,Boulbi,Land (fixed),0-854-0-123|primary,"12,3018","-1,5422",315,https://www.meteoburkina.bf/stations/33
33,Boulsa,Land (fixed),0-854-0-018|primary,"12,65","-0,57",313,https://www.meteoburkina.bf/stations/34
34,Boulsa,Land (fixed),0-854-0-019|primary,"12,6638","-0,568",313,https://www.meteoburkina.bf/stations/35
35,Boura,Land (fixed),0-854-0-020|primary,"11,0396","-2,5021",296,https://www.meteoburkina.bf/stations/36
36,Boura,Land (fixed),0-854-0-124|primary,"11,05","-2,5",281,https://www.meteoburkina.bf/stations/37
37,Bouroum,Land (fixed),0-854-0-125|primary,"13,6186","-0,6467",295,https://www.meteoburkina.bf/stations/38
38,Bourzanga,Land (fixed),0-854-0-126|primary,"13,6863","-1,5515",326,https://www.meteoburkina.bf/stations/39
39,Boussouma,Land (fixed),0-854-0-129|primary,"12,9049","-1,0787",325,https://www.meteoburkina.bf/stations/40
40,Boussé,Land (fixed),0-854-0-021|primary,"12,6671","-1,8951",345,https://www.meteoburkina.bf/stations/41
41,Bousséra,Land (fixed),0-854-0-128|primary,"10,3364","-3,0161",342,https://www.meteoburkina.bf/stations/42
42,Béréba,Land (fixed),0-854-0-113|primary,"11,62","-3,68",309,https://www.meteoburkina.bf/stations/43
43,Bérégadougou,Land (fixed),0-854-0-011|primary,"10,7699","-4,748",333,https://www.meteoburkina.bf/stations/44
44,Bétaré,Land (fixed),0-854-0-114|primary,"11,4333","-1,3667",305,https://www.meteoburkina.bf/stations/45
45,DEDOUGOU,Land (fixed),0-20000-0-65505|primary,"12,4666666667","-3,4833333333",299,https://www.meteoburkina.bf/stations/46
46,DEDOUGOU,Land (fixed),0-854-20000-65505|primary,"12,47","-3,48",299,https://www.meteoburkina.bf/stations/47
47,DORI,Land (fixed),0-20000-0-65501|primary,"14,0333333333","-0,0333333333",276,https://www.meteoburkina.bf/stations/48
48,DORI,Land (fixed),0-854-20000-65501|primary,"14,03","-0,03",276,https://www.meteoburkina.bf/stations/49
49,Dablo,Land (fixed),0-854-0-022|primary,"13,7501","-1,1618",312,https://www.meteoburkina.bf/stations/50
50,Dakiri,Land (fixed),0-854-0-130|primary,"13,28","-0,23",280,https://www.meteoburkina.bf/stations/51
51,Dano,Land (fixed),0-854-0-023|primary,"11,1429","-3,0597",290,https://www.meteoburkina.bf/stations/52
52,Dapélogogo,Land (fixed),0-854-0-131|primary,"12,6711","-1,5401",298,https://www.meteoburkina.bf/stations/53
53,Dargo,Land (fixed),0-854-0-132|primary,"12,7231","-0,2778",290,https://www.meteoburkina.bf/stations/54
54,Diabo,Land (fixed),0-854-0-133|primary,"12,02","0,03",307,https://www.meteoburkina.bf/stations/55
55,Dialgaye,Land (fixed),0-854-0-134|primary,"11,97","-0,38",284,https://www.meteoburkina.bf/stations/56
56,Diapaga,Land (fixed),0-854-0-025|primary,"12,0717","1,7889",275,https://www.meteoburkina.bf/stations/57
57,Didyr,Land (fixed),0-854-0-135|primary,"12,5611","-2,6291",302,https://www.meteoburkina.bf/stations/58
58,Dionkele Ndorola,Land (fixed),0-854-0-027|primary,"11,77","-4,82",342,https://www.meteoburkina.bf/stations/59
59,Dissin,Land (fixed),0-854-0-136|primary,"10,9432","-2,9189",299,https://www.meteoburkina.bf/stations/60
60,Dissourou,Land (fixed),0-854-0-029|primary,"13,1641","-3,4054",255,https://www.meteoburkina.bf/stations/61
61,Diébougou,Land (fixed),0-854-0-026|primary,"10,96","-3,25",286,https://www.meteoburkina.bf/stations/62
62,Djibasso,Land (fixed),0-854-0-137|primary,"13,1205","-4,1554",341,https://www.meteoburkina.bf/stations/63
63,Djibo,Land (fixed),0-854-0-030|primary,"14,0998","-1,6277",294,https://www.meteoburkina.bf/stations/64
64,Dori,Land (fixed),0-854-0-031|primary,"14,0254","-0,0625",321,https://www.meteoburkina.bf/stations/65
65,Doumbala,Land (fixed),0-854-0-138|primary,"12,9183","-4,17",341,https://www.meteoburkina.bf/stations/66
66,FADA N'GOURMA,Land (fixed),0-20000-0-65507|primary,"12,0666666667","0,35",292,https://www.meteoburkina.bf/stations/67
67,FADA N'GOURMA,Land (fixed),0-854-20000-65507|primary,"12,066667","0,35",308,https://www.meteoburkina.bf/stations/68
68,Falagountou,Land (fixed),0-854-0-139|primary,"14,3603","0,1921",256,https://www.meteoburkina.bf/stations/69
69,Fara,Land (fixed),0-854-0-033|primary,"11,52","-2,77",230,https://www.meteoburkina.bf/stations/70
70,Farakoba,Land (fixed),0-854-0-034|primary,"11,0944","-4,3321",415,https://www.meteoburkina.bf/stations/71
71,Foutouri,Land (fixed),0-854-0-036|primary,"12,7329","1,0723",246,https://www.meteoburkina.bf/stations/72
72,GAOUA,Land (fixed),0-20000-0-65522|primary,"10,3333333333","-3,1833333333",333,https://www.meteoburkina.bf/stations/73
73,GAOUA,Land (fixed),0-854-20000-65522|primary,"10,33","-3,18",292,https://www.meteoburkina.bf/stations/74
74,Gao,Land (fixed),0-854-0-140|primary,"11,6571","-2,1797",338,https://www.meteoburkina.bf/stations/75
75,Garango,Land (fixed),0-854-0-141|primary,"11,8","0,5408",295,https://www.meteoburkina.bf/stations/76
76,Gassan,Land (fixed),0-854-0-142|primary,"12,8255","-3,2002",266,https://www.meteoburkina.bf/stations/77
77,Gayéri,Land (fixed),0-854-0-038|primary,"12,65","0,49",282,https://www.meteoburkina.bf/stations/78
78,Giga Kaya,Land (fixed),0-854-0-143|primary,"12,6244","-0,8348",332,https://www.meteoburkina.bf/stations/79
79,Godyr,Land (fixed),0-854-0-144|primary,"12,6969","-2,6295",306,https://www.meteoburkina.bf/stations/80
80,Gomboro,Land (fixed),0-854-0-145|primary,"13,4833","-2,7823",313,https://www.meteoburkina.bf/stations/81
81,Gombousgou,Land (fixed),0-854-0-146|primary,"11,43","-0,77",271,https://www.meteoburkina.bf/stations/82
82,Gorgadji,Land (fixed),0-854-0-147|primary,"14,0328","-0,5187",304,https://www.meteoburkina.bf/stations/83
83,Gori,Land (fixed),0-854-0-148|primary,"12,7413","0,0016",273,https://www.meteoburkina.bf/stations/84
84,Gorom-Gorom,Land (fixed),0-854-0-039|primary,"14,4453","-0,2338",274,https://www.meteoburkina.bf/stations/85
85,Gourcy,Land (fixed),0-854-0-149|primary,"13,2044","-2,3555",322,https://www.meteoburkina.bf/stations/86
86,Guiaro,Land (fixed),0-854-0-150|primary,"11,3558","-1,3708",300,https://www.meteoburkina.bf/stations/87
87,Guibare,Land (fixed),0-854-0-151|primary,"13,0906","-1,6048",302,https://www.meteoburkina.bf/stations/88
88,Guilongou,Land (fixed),0-854-0-040|primary,"12,6142","-1,3022",323,https://www.meteoburkina.bf/stations/89
89,Houndé,Land (fixed),0-854-0-041|primary,"11,4937","-3,5173",349,https://www.meteoburkina.bf/stations/90
90,Imansgho,Land (fixed),0-854-0-152|primary,"12,44","-2,34",282,https://www.meteoburkina.bf/stations/91
91,Iolonoro,Land (fixed),0-854-0-153|primary,"10,7573","-3,4006",314,https://www.meteoburkina.bf/stations/92
92,Ipelce,Land (fixed),0-854-0-154|primary,"11,9572","-1,5469",335,https://www.meteoburkina.bf/stations/93
93,Kamboincé,Land (fixed),0-854-0-042|primary,"12,46","-1,55",300,https://www.meteoburkina.bf/stations/94
94,Kampti,Land (fixed),0-854-0-155|primary,"10,1436","-3,4557",344,https://www.meteoburkina.bf/stations/95
95,Kantchari,Land (fixed),0-854-0-156|primary,"12,48","1,53",267,https://www.meteoburkina.bf/stations/96
96,Karagasso -Vigué,Land (fixed),0-854-0-159|primary,"10,8748","-3,941",347,https://www.meteoburkina.bf/stations/97
97,Karangasso Sambla,Land (fixed),0-854-0-160|primary,"11,2257","-4,6514",359,https://www.meteoburkina.bf/stations/98
98,Kari,Land (fixed),0-854-0-161|primary,"12,2964","-3,5562",274,https://www.meteoburkina.bf/stations/99
99,Kassou,Land (fixed),0-854-0-044|primary,"11,5811","-2,0469",333,https://www.meteoburkina.bf/stations/100
100,Kassoum,Land (fixed),0-854-0-163|primary,"13,0743","-3,3032",274,https://www.meteoburkina.bf/stations/101
101,Kaya,Land (fixed),0-854-0-045|primary,"13,0967","-1,0875",313,https://www.meteoburkina.bf/stations/102
102,Kiembara,Land (fixed),0-854-0-046|primary,"13,24","-2,72",307,https://www.meteoburkina.bf/stations/103
103,Kindi,Land (fixed),0-854-0-164|primary,"12,4377","-2,0357",388,https://www.meteoburkina.bf/stations/104
104,Kirsi,Land (fixed),0-854-0-165|primary,"13,0383","-1,9428",305,https://www.meteoburkina.bf/stations/105
105,Kokologo,Land (fixed),0-854-0-166|primary,"12,18","-1,88",315,https://www.meteoburkina.bf/stations/106
106,Kombissiri,Land (fixed),0-854-0-167|primary,"12,0743","-1,3421",312,https://www.meteoburkina.bf/stations/107
107,Komin-Yanga,Land (fixed),0-854-0-168|primary,"11,7133","0,1422",255,https://www.meteoburkina.bf/stations/108
108,Kompienga,Land (fixed),0-854-0-169|primary,"11,0846","0,7763",164,https://www.meteoburkina.bf/stations/109
109,Kongoussi,Land (fixed),0-854-0-047|primary,"13,3255","-1,5287",315,https://www.meteoburkina.bf/stations/110
110,Korsimoro,Land (fixed),0-854-0-170|primary,"12,83","-1,07",304,https://www.meteoburkina.bf/stations/111
111,Kossodougou,Land (fixed),0-854-0-171|primary,"12,93","-0,235",295,https://www.meteoburkina.bf/stations/112
112,Koubouré,Land (fixed),0-854-0-048|primary,"12,6286","-0,5232",333,https://www.meteoburkina.bf/stations/113
113,Koubri,Land (fixed),0-854-0-172|primary,"12,1865","-1,4004",284,https://www.meteoburkina.bf/stations/114
114,Koudougou,Land (fixed),0-854-0-049|primary,"12,2514","-2,4005",269,https://www.meteoburkina.bf/stations/115
115,Kouka,Land (fixed),0-854-0-050|primary,"11,9027","-4,3426",328,https://www.meteoburkina.bf/stations/116
116,Koumbia,Land (fixed),0-854-0-173|primary,"11,2327","-3,6942",313,https://www.meteoburkina.bf/stations/117
117,Koundougou,Land (fixed),0-854-0-174|primary,"11,7184","-4,5121",340,https://www.meteoburkina.bf/stations/118
118,Koupéla,Land (fixed),0-854-0-051|primary,"12,179","-0,3399",298,https://www.meteoburkina.bf/stations/119
119,Kourouma,Land (fixed),0-854-0-175|primary,"11,6162","-4,7994",333,https://www.meteoburkina.bf/stations/120
120,Koutougou,Land (fixed),0-854-0-052|primary,"14,5019","-1,0153",304,https://www.meteoburkina.bf/stations/121
121,La-Toden,Land (fixed),0-854-0-176|primary,"12,9039","-2,4563",320,https://www.meteoburkina.bf/stations/122
122,Legmoin,Land (fixed),0-854-0-177|primary,"10,15","-2,9",332,https://www.meteoburkina.bf/stations/123
123,Linoghin,Land (fixed),0-854-0-179|primary,"12,4765","-1,2069",296,https://www.meteoburkina.bf/stations/124
124,Liptougou,Land (fixed),0-854-0-180|primary,"13,1769","0,313",252,https://www.meteoburkina.bf/stations/125
125,Loropéni,Land (fixed),0-854-0-054|primary,"10,2963","-3,527",259,https://www.meteoburkina.bf/stations/126
126,Loumana,Land (fixed),0-854-0-055|primary,"10,5777","-5,3524",336,https://www.meteoburkina.bf/stations/127
127,Loumbila,Land (fixed),0-854-0-057|primary,"12,5221","-1,3828",305,https://www.meteoburkina.bf/stations/128
128,Léo,Land (fixed),0-854-0-053|primary,"11,0961","-2,1006",347,https://www.meteoburkina.bf/stations/129
129,Léri,Land (fixed),0-854-0-178|primary,"12,76","-3,39",255,https://www.meteoburkina.bf/stations/130
130,MANGODARA,Land (fixed),0-20000-0-65523|primary,"9,9","-4,35",260,https://www.meteoburkina.bf/stations/131
131,MARKOYE,Land (fixed),0-20000-0-65500|primary,"14,6333333333","-0,0666666667",295,https://www.meteoburkina.bf/stations/132
132,Madjoari,Land (fixed),0-854-0-058|primary,"11,4727","1,24",226,https://www.meteoburkina.bf/stations/133
133,Mahadaga,Land (fixed),0-854-0-059|primary,"11,7211","1,764",234,https://www.meteoburkina.bf/stations/134
134,Malba,Land (fixed),0-854-0-181|primary,"10,4525","-2,9828",256,https://www.meteoburkina.bf/stations/135
135,Mane,Land (fixed),0-854-0-182|primary,"12,9791","-1,3362",287,https://www.meteoburkina.bf/stations/136
136,Manga,Land (fixed),0-854-0-060|primary,"11,6845","-1,078",322,https://www.meteoburkina.bf/stations/137
137,Mangodara,Land (fixed),0-854-0-183|primary,"9,9132","-4,3542",271,https://www.meteoburkina.bf/stations/138
138,Manni,Land (fixed),0-854-0-184|primary,"13,2547","0,2139",272,https://www.meteoburkina.bf/stations/139
139,Mansila,Land (fixed),0-854-0-062|primary,"13,1649","0,6379",256,https://www.meteoburkina.bf/stations/140
140,Markoye,Land (fixed),0-854-0-185|primary,"14,64","0,04",295,https://www.meteoburkina.bf/stations/141
141,Matiakouali,Land (fixed),0-854-0-186|primary,"12,3655","1,0389",297,https://www.meteoburkina.bf/stations/142
142,Meguet,Land (fixed),0-854-0-187|primary,"12,4218","-0,7127",304,https://www.meteoburkina.bf/stations/143
143,Mogtedo,Land (fixed),0-854-0-063|primary,"12,285","-0,8353",288,https://www.meteoburkina.bf/stations/144
144,Monkuy,Land (fixed),0-854-0-065|primary,"12,2167","-3,7431",286,https://www.meteoburkina.bf/stations/145
145,Morolaba,Land (fixed),0-854-0-188|primary,"11,9","-5,0167",321,https://www.meteoburkina.bf/stations/146
146,Namoungou,Land (fixed),0-854-0-066|primary,"12,0219","0,604",269,https://www.meteoburkina.bf/stations/147
147,Namounou,Land (fixed),0-854-0-189|primary,"11,8559","1,6959",265,https://www.meteoburkina.bf/stations/148
148,Namssiguima,Land (fixed),0-854-0-067|primary,"13,6193","-2,2062",325,https://www.meteoburkina.bf/stations/149
149,Nanoro,Land (fixed),0-854-0-190|primary,"12,69","-2,19",312,https://www.meteoburkina.bf/stations/150
150,Nasso,Land (fixed),0-854-0-191|primary,"11,2018","-4,4333",355,https://www.meteoburkina.bf/stations/151
151,Nasséré,Land (fixed),0-854-0-068|primary,"13,3333","-1,3669",338,https://www.meteoburkina.bf/stations/152
152,Ndorola,Land (fixed),0-854-0-069|primary,"11,75","-4,81",342,https://www.meteoburkina.bf/stations/153
153,Neielanyaou,Land (fixed),0-854-0-192|primary,"11,8899","-2,357",293,https://www.meteoburkina.bf/stations/154
154,Niangoloko,Land (fixed),0-854-0-070|primary,"10,2933","-4,9136",464,https://www.meteoburkina.bf/stations/155
155,Niaogho,Land (fixed),0-854-0-193|primary,"11,77","-0,77",240,https://www.meteoburkina.bf/stations/156
156,Nioko2,Land (fixed),0-854-0-194|primary,"12,4304","-1,4486",295,https://www.meteoburkina.bf/stations/157
157,Nobéré,Land (fixed),0-854-0-195|primary,"11,5571","-1,1993",308,https://www.meteoburkina.bf/stations/158
158,Noghin,Land (fixed),0-854-0-196|primary,"12,417","-1,5859",317,https://www.meteoburkina.bf/stations/159
159,Nouna,Land (fixed),0-854-0-072|primary,"12,73","-3,87",280,https://www.meteoburkina.bf/stations/160
160,Nouna,Land (fixed),0-854-0-073|primary,"12,7529","-3,8232",298,https://www.meteoburkina.bf/stations/161
161,OUAGADOUGOU,Land (fixed),0-20000-0-65503|primary,"12,35","-1,5166666667",303,https://www.meteoburkina.bf/stations/162
162,OUAGADOUGOU,Land (fixed),0-854-20000-65503|primary,"12,35","-2,18",303,https://www.meteoburkina.bf/stations/163
163,OUAHIGOUYA,Land (fixed),0-20000-0-65502|primary,"13,5833333333","-2,4333333333",329,https://www.meteoburkina.bf/stations/164
164,OUAHIGOUYA,Land (fixed),0-854-20000-65502|primary,"13,58","-2,43",335,https://www.meteoburkina.bf/stations/165
165,Orodara,Land (fixed),0-854-0-197|primary,"10,9809","-4,9087",529,https://www.meteoburkina.bf/stations/166
166,Ouagadougou,Land (fixed),0-854-1-03BNUHR0001|primary,"12,35","-1,5167",303,https://www.meteoburkina.bf/stations/167
167,Ouahigouya,Land (fixed),0-854-0-074|primary,"13,5668","-2,411",329,https://www.meteoburkina.bf/stations/168
168,Ouakara,Land (fixed),0-854-0-198|primary,"11,8653","-3,6342",325,https://www.meteoburkina.bf/stations/169
169,Ouangolodougou,Land (fixed),0-854-0-199|primary,"10,0647","-4,8087",313,https://www.meteoburkina.bf/stations/170
170,Ouargaye,Land (fixed),0-854-0-075|primary,"11,5032","0,0593",283,https://www.meteoburkina.bf/stations/171
171,Ouarkoye,Land (fixed),0-854-0-076|primary,"12,0878","-3,6703",312,https://www.meteoburkina.bf/stations/172
172,Ouintokoulga,Land (fixed),0-854-0-201|primary,"13,3405","-0,7795",300,https://www.meteoburkina.bf/stations/173
173,Ouo,Land (fixed),0-854-0-077|primary,"10,3995","-3,8474",290,https://www.meteoburkina.bf/stations/174
174,Ourgou-Manega,Land (fixed),0-854-0-202|primary,"12,7775","-1,5094",315,https://www.meteoburkina.bf/stations/175
175,Oursi,Land (fixed),0-854-0-078|primary,"14,6773","-0,4647",290,https://www.meteoburkina.bf/stations/176
176,Oury,Land (fixed),0-854-0-203|primary,"11,9666","-3,037",275,https://www.meteoburkina.bf/stations/177
177,Ouéléni,Land (fixed),0-854-0-200|primary,"10,8484","-5,343",506,https://www.meteoburkina.bf/stations/178
178,PO,Land (fixed),0-20000-0-65518|primary,"11,1666666667","-1,15",326,https://www.meteoburkina.bf/stations/179
179,PO,Land (fixed),0-854-20000-65518|primary,"11,17","-1,15",321,https://www.meteoburkina.bf/stations/180
180,Pa,Land (fixed),0-854-0-204|primary,"11,5483","-3,2714",296,https://www.meteoburkina.bf/stations/181
181,Pabre,Land (fixed),0-854-0-205|primary,"12,52","-1,57",295,https://www.meteoburkina.bf/stations/182
182,Pama,Land (fixed),0-854-0-079|primary,"12,2442","0,7119",206,https://www.meteoburkina.bf/stations/183
183,Pensa-Natenga,Land (fixed),0-854-0-206|primary,"13,3405","-0,809",283,https://www.meteoburkina.bf/stations/184
184,Pibaore,Land (fixed),0-854-0-207|primary,"12,8938","-0,8128",315,https://www.meteoburkina.bf/stations/185
185,Piela,Land (fixed),0-854-0-208|primary,"12,7","0,1316",284,https://www.meteoburkina.bf/stations/186
186,Pissila,Land (fixed),0-854-0-210|primary,"13,1677","-0,8295",315,https://www.meteoburkina.bf/stations/187
187,Poa,Land (fixed),0-854-0-211|primary,"12,2087","-2,1184",330,https://www.meteoburkina.bf/stations/188
188,Pobe-Mengao,Land (fixed),0-854-0-212|primary,"13,8987","-1,763",336,https://www.meteoburkina.bf/stations/189
189,Polesgo,Land (fixed),0-854-0-213|primary,"12,5144","-1,4333",315,https://www.meteoburkina.bf/stations/190
190,Pompoi,Land (fixed),0-854-0-214|primary,"11,8509","-3,2376",319,https://www.meteoburkina.bf/stations/191
191,Poura,Land (fixed),0-854-0-215|primary,"11,6","-2,7631",286,https://www.meteoburkina.bf/stations/192
192,Rollo,Land (fixed),0-854-0-216|primary,"13,5986","-1,704",337,https://www.meteoburkina.bf/stations/193
193,Réo,Land (fixed),0-854-0-081|primary,"12,3086","-2,4586",333,https://www.meteoburkina.bf/stations/194
194,Sabou,Land (fixed),0-854-0-082|primary,"12,0634","-2,22",315,https://www.meteoburkina.bf/stations/195
195,Safané,Land (fixed),0-854-0-217|primary,"12,13","-3,22",317,https://www.meteoburkina.bf/stations/196
196,Safi,Land (fixed),0-854-0-083|primary,"12,8775","-0,7419",321,https://www.meteoburkina.bf/stations/197
197,Samba,Land (fixed),0-854-0-218|primary,"12,6883","-2,3781",297,https://www.meteoburkina.bf/stations/198
198,Samorogouan,Land (fixed),0-854-0-219|primary,"11,3995","-4,9348",380,https://www.meteoburkina.bf/stations/199
199,Samou,Land (fixed),0-854-0-220|primary,"13,0149","0,1438",191,https://www.meteoburkina.bf/stations/200
200,Sanaba,Land (fixed),0-854-0-221|primary,"12,4015","-3,8128",277,https://www.meteoburkina.bf/stations/201
201,Sanare,Land (fixed),0-854-0-222|primary,"13,5925","-1,3697",332,https://www.meteoburkina.bf/stations/202
202,Sangha,Land (fixed),0-854-0-223|primary,"11,18","0,16",299,https://www.meteoburkina.bf/stations/203
203,Sapeo,Land (fixed),0-854-0-224|primary,"12,5969","-1,7687",335,https://www.meteoburkina.bf/stations/204
204,Sapone,Land (fixed),0-854-0-084|primary,"12,05","-1,6",356,https://www.meteoburkina.bf/stations/205
205,Sapouy,Land (fixed),0-854-0-225|primary,"11,5461","-1,7731",117,https://www.meteoburkina.bf/stations/206
206,Saria,Land (fixed),0-854-0-085|primary,"12,2667","-2,15",280,https://www.meteoburkina.bf/stations/207
207,Sebba,Land (fixed),0-854-0-086|primary,"13,46","0,5332",264,https://www.meteoburkina.bf/stations/208
208,Seytenga,Land (fixed),0-854-0-088|primary,"13,9793","0,304",251,https://www.meteoburkina.bf/stations/209
209,Siby,Land (fixed),0-854-0-226|primary,"11,8647","-2,9762",280,https://www.meteoburkina.bf/stations/210
210,Sidéradougou,Land (fixed),0-854-0-227|primary,"10,6783","-4,2511",333,https://www.meteoburkina.bf/stations/211
211,Sindou,Land (fixed),0-854-0-089|primary,"10,6606","-5,1636",353,https://www.meteoburkina.bf/stations/212
212,Solenzo,Land (fixed),0-854-0-228|primary,"12,1798","-4,0833",306,https://www.meteoburkina.bf/stations/213
213,Somgande,Land (fixed),0-854-0-090|primary,"12,4052","-1,5063",294,https://www.meteoburkina.bf/stations/214
214,Soubakaniedougou,Land (fixed),0-854-0-229|primary,"10,4779","-4,9992",315,https://www.meteoburkina.bf/stations/215
215,Souri,Land (fixed),0-854-0-092|primary,"12,4299","-3,5151",276,https://www.meteoburkina.bf/stations/216
216,Sourou-Gassan,Land (fixed),0-854-0-230|primary,"12,82","-3,22",265,https://www.meteoburkina.bf/stations/217
217,Sourougbila,Land (fixed),0-854-0-231|primary,"12,4125","-1,8082",340,https://www.meteoburkina.bf/stations/218
218,Séguénega,Land (fixed),0-854-0-087|primary,"13,438","-1,9672",317,https://www.meteoburkina.bf/stations/219
219,Tanghin-Dassouri,Land (fixed),0-854-0-232|primary,"12,2796","-1,7169",353,https://www.meteoburkina.bf/stations/220
220,Tansila,Land (fixed),0-854-0-233|primary,"12,4153","-4,3872",469,https://www.meteoburkina.bf/stations/221
221,Tchériba,Land (fixed),0-854-0-234|primary,"12,2667","-3,0949",305,https://www.meteoburkina.bf/stations/222
222,Tenado,Land (fixed),0-854-0-236|primary,"12,1951","-2,6133",286,https://www.meteoburkina.bf/stations/223
223,Tenkodogo,Land (fixed),0-854-0-093|primary,"11,779","-0,3658",302,https://www.meteoburkina.bf/stations/224
224,Thiou-Koudougou,Land (fixed),0-854-0-237|primary,"11,9533","-2,1988",354,https://www.meteoburkina.bf/stations/225
225,Thiou-Ouahigouya,Land (fixed),0-854-0-238|primary,"13,8029","-2,6584",309,https://www.meteoburkina.bf/stations/226
226,Tikare,Land (fixed),0-854-0-239|primary,"13,7686","-2,0739",324,https://www.meteoburkina.bf/stations/227
227,Tinacoff,Land (fixed),0-854-0-095|primary,"14,9628","-0,1612",231,https://www.meteoburkina.bf/stations/228
228,Tiogo,Land (fixed),0-854-0-240|primary,"11,4529","-2,2172",328,https://www.meteoburkina.bf/stations/229
229,Tiébélé,Land (fixed),0-854-0-094|primary,"11,0976","-0,9219",273,https://www.meteoburkina.bf/stations/230
230,Toma,Land (fixed),0-854-0-097|primary,"12,7586","-2,8952",130,https://www.meteoburkina.bf/stations/231
231,Tongomayel,Land (fixed),0-854-0-254|primary,"14,0674","-1,4799",299,https://www.meteoburkina.bf/stations/232
232,Tougan,Land (fixed),0-854-0-098|primary,"13,0727","-3,071",305,https://www.meteoburkina.bf/stations/233
233,Tougouri,Land (fixed),0-854-0-099|primary,"13,313","-0,5236",288,https://www.meteoburkina.bf/stations/234
234,Toussiana,Land (fixed),0-854-0-100|primary,"10,8357","-4,6177",515,https://www.meteoburkina.bf/stations/235
235,Toécé,Land (fixed),0-854-0-241|primary,"11,8469","-1,2673",318,https://www.meteoburkina.bf/stations/236
236,Toéghin,Land (fixed),0-854-0-096|primary,"12,8145","-1,7247",345,https://www.meteoburkina.bf/stations/237
237,Toéni,Land (fixed),0-854-0-242|primary,"13,2064","-2,121",315,https://www.meteoburkina.bf/stations/238
238,Téma Bokin,Land (fixed),0-854-0-235|primary,"13,0072","-1,7945",339,https://www.meteoburkina.bf/stations/239
239,Vallee du Kou,Land (fixed),0-854-0-101|primary,"11,37","-4,38",303,https://www.meteoburkina.bf/stations/240
240,Wona,Land (fixed),0-854-0-243|primary,"11,9711","-3,4295",353,https://www.meteoburkina.bf/stations/241
241,Yako,Land (fixed),0-854-0-102|primary,"12,9569","-2,2662",332,https://www.meteoburkina.bf/stations/242
242,Yalgo,Land (fixed),0-854-0-244|primary,"13,5984","-0,2602",124,https://www.meteoburkina.bf/stations/243
243,Yamba,Land (fixed),0-854-0-245|primary,"12,3","0,34",305,https://www.meteoburkina.bf/stations/244
244,Zabre,Land (fixed),0-854-0-246|primary,"11,1829","0,6335",249,https://www.meteoburkina.bf/stations/245
245,Zamo,Land (fixed),0-854-0-247|primary,"12,0283","-2,7176",280,https://www.meteoburkina.bf/stations/246
246,Zeguedeguen,Land (fixed),0-854-0-248|primary,"12,9667","-0,4523",283,https://www.meteoburkina.bf/stations/247
247,Ziga-Ziniare,Land (fixed),0-854-0-249|primary,"12,4888","-1,1104",285,https://www.meteoburkina.bf/stations/248
248,Zimtenga,Land (fixed),0-854-0-250|primary,"13,4343","-1,5082",317,https://www.meteoburkina.bf/stations/249
249,Ziou,Land (fixed),0-854-0-251|primary,"11,0427","-0,7743",229,https://www.meteoburkina.bf/stations/250
250,Zogoré,Land (fixed),0-854-0-252|primary,"13,399","-2,5907",343,https://www.meteoburkina.bf/stations/251
251,Zorgho,Land (fixed),0-854-0-253|primary,"12,2407","-0,6214",309,https://www.meteoburkina.bf/stations/252
